INSERT INTO accounts (id, fullname, email, password, phone, address, birthdate, is_email_verified, role, profile_image, created_at, updated_at) VALUES
('01930000-0001-7000-8000-000000000001', 'Victoria Chen', 'victoria.chen@jewelbid.com', '$2b$10$YourHashedPasswordHere1', '+84901234567', '123 Diamond Street, District 1, Ho Chi Minh City, Vietnam', '1985-03-15', true, 'Seller', 'https://i.pravatar.cc/150?img=1', NOW() - INTERVAL '365 days', NOW()),
('01930000-0002-7000-8000-000000000002', 'Marcus Sterling', 'marcus.sterling@luxuryjewels.com', '$2b$10$YourHashedPasswordHere2', '+84902345678', '456 Gemstone Avenue, District 3, Ho Chi Minh City, Vietnam', '1980-07-22', true, 'Seller', 'https://i.pravatar.cc/150?img=2', NOW() - INTERVAL '300 days', NOW()),
('01930000-0003-7000-8000-000000000003', 'Isabella Romano', 'isabella.romano@finegems.com', '$2b$10$YourHashedPasswordHere3', '+84903456789', '789 Platinum Boulevard, District 2, Ho Chi Minh City, Vietnam', '1988-11-05', true, 'Seller', 'https://i.pravatar.cc/150?img=3', NOW() - INTERVAL '250 days', NOW()),
('01930000-0004-7000-8000-000000000004', 'Alexander Gold', 'alex.gold@premiumgems.com', '$2b$10$YourHashedPasswordHere4', '+84904567890', '321 Gold Lane, Binh Thanh District, Ho Chi Minh City, Vietnam', '1982-09-18', true, 'Seller', 'https://i.pravatar.cc/150?img=4', NOW() - INTERVAL '200 days', NOW()),
('01930000-0005-7000-8000-000000000005', 'Sophia Laurent', 'sophia.laurent@elegantjewels.com', '$2b$10$YourHashedPasswordHere5', '+84905678901', '654 Ruby Road, District 7, Ho Chi Minh City, Vietnam', '1990-04-12', true, 'Seller', 'https://i.pravatar.cc/150?img=5', NOW() - INTERVAL '180 days', NOW()),
('01930000-0006-7000-8000-000000000006', 'James Anderson', 'james.anderson@email.com', '$2b$10$YourHashedPasswordHere6', '+84906789012', '111 Sapphire Street, Tan Binh District, Ho Chi Minh City, Vietnam', '1992-01-25', true, 'Bidder', 'https://i.pravatar.cc/150?img=6', NOW() - INTERVAL '150 days', NOW()),
('01930000-0007-7000-8000-000000000007', 'Emma Thompson', 'emma.thompson@email.com', '$2b$10$YourHashedPasswordHere7', '+84907890123', '222 Emerald Avenue, District 1, Ho Chi Minh City, Vietnam', '1987-06-30', true, 'Bidder', 'https://i.pravatar.cc/150?img=7', NOW() - INTERVAL '120 days', NOW()),
('01930000-0008-7000-8000-000000000008', 'Michael Zhang', 'michael.zhang@email.com', '$2b$10$YourHashedPasswordHere8', '+84908901234', '333 Pearl Plaza, District 3, Ho Chi Minh City, Vietnam', '1995-12-08', true, 'Bidder', 'https://i.pravatar.cc/150?img=8', NOW() - INTERVAL '100 days', NOW()),
('01930000-0009-7000-8000-000000000009', 'Olivia Martinez', 'olivia.martinez@email.com', '$2b$10$YourHashedPasswordHere9', '+84909012345', '444 Topaz Tower, District 2, Ho Chi Minh City, Vietnam', '1993-08-17', true, 'Bidder', 'https://i.pravatar.cc/150?img=9', NOW() - INTERVAL '90 days', NOW()),
('01930000-0010-7000-8000-000000000010', 'Daniel Kim', 'daniel.kim@email.com', '$2b$10$YourHashedPasswordHere10', '+84900123456', '555 Opal Heights, Phu Nhuan District, Ho Chi Minh City, Vietnam', '1989-03-28', true, 'Bidder', 'https://i.pravatar.cc/150?img=10', NOW() - INTERVAL '80 days', NOW()),
('01930000-0011-7000-8000-000000000011', 'Sophie Williams', 'sophie.williams@email.com', '$2b$10$YourHashedPasswordHere11', '+84911234567', '666 Crystal Court, District 5, Ho Chi Minh City, Vietnam', '1991-10-14', true, 'Bidder', 'https://i.pravatar.cc/150?img=11', NOW() - INTERVAL '70 days', NOW()),
('01930000-0012-7000-8000-000000000012', 'David Brown', 'david.brown@email.com', '$2b$10$YourHashedPasswordHere12', '+84912345678', '777 Amber Street, District 10, Ho Chi Minh City, Vietnam', '1994-05-21', true, 'Bidder', 'https://i.pravatar.cc/150?img=12', NOW() - INTERVAL '60 days', NOW());

INSERT INTO products (id, name, description, category, starting_price, current_price, step_price, buy_now_price, end_date, auto_renewal, status, bid_count, main_image, additional_images, allow_new_bidders, seller_id, current_bidder_id, created_at, updated_at) VALUES
('01940000-0001-7000-8000-000000000001', 'Cartier Love Bracelet 18K White Gold with Diamonds', 'Authentic Cartier Love bracelet crafted in 18K white gold, featuring 10 brilliant-cut diamonds totaling 0.42 carats. This iconic piece symbolizes eternal love with its distinctive screw motif. Size 17. Comes with original Cartier box, certificate of authenticity, and screwdriver. Excellent condition with minimal wear.', 'Bracelet', 45000000, 52000000, 500000, 65000000, NOW() + INTERVAL '2 days', true, 'Active', 8, 'https://images.unsplash.com/photo-1611591437281-460bfbe1220a', ARRAY['https://images.unsplash.com/photo-1602173574767-37ac01994b2a', 'https://images.unsplash.com/photo-1515562141207-7a88fb7ce338', 'https://images.unsplash.com/photo-1599643478518-a784e5dc4c8f'], true, '01930000-0001-7000-8000-000000000001', '01930000-0007-7000-8000-000000000007', NOW() - INTERVAL '5 days', NOW()),
('01940000-0002-7000-8000-000000000002', 'Tiffany & Co. Solitaire Diamond Engagement Ring 2.5ct', 'Stunning Tiffany & Co. engagement ring featuring a 2.5 carat round brilliant-cut diamond in platinum setting. Diamond specifications: E color, VVS1 clarity, excellent cut. The classic six-prong Tiffany setting maximizes brilliance. Ring size 6 (can be resized). Includes original Tiffany blue box and GIA certificate.', 'Ring', 250000000, 285000000, 2000000, 350000000, NOW() + INTERVAL '5 days', true, 'Active', 12, 'https://images.unsplash.com/photo-1605100804763-247f67b3557e', ARRAY['https://images.unsplash.com/photo-1603561591411-07134e71a2a9', 'https://images.unsplash.com/photo-1600721391776-b5cd0e0048a9', 'https://images.unsplash.com/photo-1606800052052-a08af7148866'], true, '01930000-0001-7000-8000-000000000001', '01930000-0006-7000-8000-000000000006', NOW() - INTERVAL '8 days', NOW()),
('01940000-0003-7000-8000-000000000003', 'Van Cleef & Arpels Alhambra Necklace 18K Yellow Gold', 'Iconic Van Cleef & Arpels Alhambra collection necklace in 18K yellow gold with white mother-of-pearl. Features 20 lucky four-leaf clover motifs. Length: 32 inches. Perfect condition with original Van Cleef certificate and presentation box. A timeless piece of fine jewelry.', 'Necklace', 120000000, 135000000, 1000000, 160000000, NOW() + INTERVAL '3 days', false, 'Active', 9, 'https://images.unsplash.com/photo-1599643477877-530eb83abc8e', ARRAY['https://images.unsplash.com/photo-1599458448261-e416b5a5cc5b', 'https://images.unsplash.com/photo-1535632066927-ab7c9ab60908', 'https://images.unsplash.com/photo-1611085583191-a3b181a88401'], true, '01930000-0002-7000-8000-000000000002', '01930000-0008-7000-8000-000000000008', NOW() - INTERVAL '6 days', NOW()),
('01940000-0004-7000-8000-000000000004', 'Natural Burmese Ruby 5.12ct Unheated Pigeon Blood', 'Exceptional natural Burmese ruby gemstone weighing 5.12 carats. Premium pigeon blood red color, unheated and untreated. Cushion cut with excellent clarity. Certified by GRS (Gem Research Swisslab) with full documentation. Extremely rare and investment-grade quality. Perfect for creating a custom piece or collection.', 'Gemstone', 180000000, 198000000, 2000000, 250000000, NOW() + INTERVAL '7 days', true, 'Active', 15, 'https://images.unsplash.com/photo-1611591437281-460bfbe1220a', ARRAY['https://images.unsplash.com/photo-1610375461246-83df859d849d', 'https://images.unsplash.com/photo-1598560917505-59a3ad559071', 'https://images.unsplash.com/photo-1615655406736-923518f79c33'], false, '01930000-0002-7000-8000-000000000002', '01930000-0009-7000-8000-000000000009', NOW() - INTERVAL '3 days', NOW()),
('01940000-0005-7000-8000-000000000005', 'Rolex Lady-Datejust 28mm Steel and Yellow Gold Diamond Dial', 'Pre-owned Rolex Lady-Datejust ref. 279383RBR in excellent condition. 28mm case in steel and 18K yellow gold with diamond-set bezel. Mother-of-pearl diamond dial with Roman numerals. Automatic movement. Jubilee bracelet. Complete set with box, papers, and warranty card dated 2022. Perfect ladies luxury watch.', 'Watch', 280000000, 305000000, 2000000, NULL, NOW() + INTERVAL '4 days', true, 'Active', 11, 'https://images.unsplash.com/photo-1587836374828-4dbafa94cf0e', ARRAY['https://images.unsplash.com/photo-1622434641406-a158123450f9', 'https://images.unsplash.com/photo-1523170335258-f5ed11844a49', 'https://images.unsplash.com/photo-1611765833909-c0fd45a11a57'], true, '01930000-0003-7000-8000-000000000003', '01930000-0007-7000-8000-000000000007', NOW() - INTERVAL '7 days', NOW()),
('01940000-0006-7000-8000-000000000006', 'Bvlgari Serpenti Diamond Bracelet Watch 18K Rose Gold', 'Exquisite Bvlgari Serpenti bracelet watch in 18K rose gold with full diamond pave. Iconic snake design wraps twice around the wrist. Quartz movement with mother-of-pearl dial. Approximately 3.5 carats of brilliant-cut diamonds. Size small/medium. Includes original Bvlgari box and certificate. Mint condition.', 'Watch', 320000000, 348000000, 3000000, 420000000, NOW() + INTERVAL '6 days', true, 'Active', 10, 'https://images.unsplash.com/photo-1600959907703-125ba1374a12', ARRAY['https://images.unsplash.com/photo-1509941943102-10c232535736', 'https://images.unsplash.com/photo-1524592094714-0f0654e20314', 'https://images.unsplash.com/photo-1611085583191-a3b181a88401'], true, '01930000-0003-7000-8000-000000000003', '01930000-0006-7000-8000-000000000006', NOW() - INTERVAL '4 days', NOW()),
('01940000-0007-7000-8000-000000000007', 'Harry Winston Emerald Cut Diamond Earrings 4ct Total', 'Magnificent Harry Winston diamond earrings featuring two perfectly matched emerald-cut diamonds totaling 4.02 carats. Both diamonds are D color, IF clarity with excellent proportions. Set in platinum. Comes with original Harry Winston certificate, box, and GIA reports. Museum-quality pieces.', 'Earring', 450000000, 485000000, 3000000, 580000000, NOW() + INTERVAL '8 days', false, 'Active', 13, 'https://images.unsplash.com/photo-1535632066927-ab7c9ab60908', ARRAY['https://images.unsplash.com/photo-1596944924591-4c6d2290f720', 'https://images.unsplash.com/photo-1588444650700-dc19c8c95659', 'https://images.unsplash.com/photo-1617646450937-0b2e6faa18ee'], false, '01930000-0004-7000-8000-000000000004', '01930000-0010-7000-8000-000000000010', NOW() - INTERVAL '2 days', NOW()),
('01940000-0008-7000-8000-000000000008', 'Graff Pink Diamond Ring 1.8ct Fancy Intense Pink', 'Ultra-rare Graff fancy intense pink diamond ring. Center stone: 1.8 carat radiant-cut natural pink diamond, GIA certified. Surrounded by white diamonds totaling 0.5 carats. Platinum setting. Pink diamonds are among the rarest gemstones in the world. Investment-grade piece with exceptional color saturation.', 'Ring', 680000000, 725000000, 5000000, NULL, NOW() + INTERVAL '10 days', true, 'Active', 18, 'https://images.unsplash.com/photo-1605100804763-247f67b3557e', ARRAY['https://images.unsplash.com/photo-1601121141461-9d6647bca1ed', 'https://images.unsplash.com/photo-1612595989600-d1f8f72c4f0e', 'https://images.unsplash.com/photo-1603561591411-07134e71a2a9'], false, '01930000-0004-7000-8000-000000000004', '01930000-0011-7000-8000-000000000011', NOW() - INTERVAL '1 day', NOW()),
('01940000-0009-7000-8000-000000000009', 'Chopard Happy Diamonds Pendant 18K White Gold', 'Elegant Chopard Happy Diamonds pendant in 18K white gold. Features seven freely moving brilliant-cut diamonds (0.35ct total) between two sapphire crystals. The iconic Happy Diamonds collection by Chopard. Includes 18-inch white gold chain. Complete with original Chopard box and certificate. Like new condition.', 'Pendant', 65000000, 72000000, 500000, 85000000, NOW() + INTERVAL '3 days', true, 'Active', 7, 'https://images.unsplash.com/photo-1599643477877-530eb83abc8e', ARRAY['https://images.unsplash.com/photo-1611085583191-a3b181a88401', 'https://images.unsplash.com/photo-1603561591411-07134e71a2a9', 'https://images.unsplash.com/photo-1535632066927-ab7c9ab60908'], true, '01930000-0005-7000-8000-000000000005', '01930000-0012-7000-8000-000000000012', NOW() - INTERVAL '5 days', NOW()),
('01940000-0010-7000-8000-000000000010', 'Natural Jadeite Jade Bangle Imperial Green', 'Premium natural Burmese jadeite jade bangle in imperial green color. Type A jade (natural, untreated). Inner diameter: 56mm. Translucent with excellent color distribution. Certified by Asian Gemological Institute. Jade is highly prized in Asian culture for its beauty and spiritual significance.', 'Bracelet', 95000000, 108000000, 1000000, 130000000, NOW() + INTERVAL '4 days', false, 'Active', 9, 'https://images.unsplash.com/photo-1611591437281-460bfbe1220a', ARRAY['https://images.unsplash.com/photo-1599643478518-a784e5dc4c8f', 'https://images.unsplash.com/photo-1515562141207-7a88fb7ce338', 'https://images.unsplash.com/photo-1602173574767-37ac01994b2a'], true, '01930000-0005-7000-8000-000000000005', '01930000-0008-7000-8000-000000000008', NOW() - INTERVAL '4 days', NOW()),
('01940000-0011-7000-8000-000000000011', 'Mikimoto Akoya Pearl Necklace 8-8.5mm AAA Quality', 'Exquisite Mikimoto Akoya pearl necklace featuring 50 perfectly matched pearls ranging from 8mm to 8.5mm. AAA grade with excellent luster, minimal blemishes. Classic white color with rose overtones. 18-inch length with 18K white gold clasp. Original Mikimoto certificate and box included. True luxury from the pearl experts.', 'Necklace', 85000000, 93000000, 800000, 110000000, NOW() + INTERVAL '5 days', true, 'Active', 8, 'https://images.unsplash.com/photo-1599643477877-530eb83abc8e', ARRAY['https://images.unsplash.com/photo-1611085583191-a3b181a88401', 'https://images.unsplash.com/photo-1535632066927-ab7c9ab60908', 'https://images.unsplash.com/photo-1599458448261-e416b5a5cc5b'], true, '01930000-0005-7000-8000-000000000005', '01930000-0009-7000-8000-000000000009', NOW() - INTERVAL '3 days', NOW()),
('01940000-0012-7000-8000-000000000012', 'Certified Natural Colombian Emerald 3.85ct', 'Spectacular natural Colombian emerald weighing 3.85 carats. Vivid green color from the famous Muzo mines. Octagonal step cut with excellent clarity for emerald (minor oil treatment standard for the gem type). Certified by GRS with origin report. Colombian emeralds are considered the finest in the world. Investment opportunity.', 'Gemstone', 155000000, 175000000, 2000000, 210000000, NOW() + INTERVAL '6 days', true, 'Active', 14, 'https://images.unsplash.com/photo-1611591437281-460bfbe1220a', ARRAY['https://images.unsplash.com/photo-1610375461246-83df859d849d', 'https://images.unsplash.com/photo-1615655406736-923518f79c33', 'https://images.unsplash.com/photo-1598560917505-59a3ad559071'], false, '01930000-0001-7000-8000-000000000001', '01930000-0010-7000-8000-000000000010', NOW() - INTERVAL '2 days', NOW()),
('01940000-0013-7000-8000-000000000013', 'Patek Philippe Calatrava Rose Gold Diamond Bezel', 'Rare Patek Philippe Calatrava reference 7122R in 18K rose gold. Ladies automatic watch with diamond-set bezel. Ivory dial with applied rose gold hour markers. Crocodile leather strap. 33mm case. Complete set with original box, papers, and Patek Philippe certificate. Serviced in 2023. Exceptional horological masterpiece.', 'Watch', 420000000, 455000000, 3000000, NULL, NOW() + INTERVAL '9 days', false, 'Active', 12, 'https://images.unsplash.com/photo-1587836374828-4dbafa94cf0e', ARRAY['https://images.unsplash.com/photo-1622434641406-a158123450f9', 'https://images.unsplash.com/photo-1523170335258-f5ed11844a49', 'https://images.unsplash.com/photo-1611765833909-c0fd45a11a57'], false, '01930000-0002-7000-8000-000000000002', '01930000-0011-7000-8000-000000000011', NOW() - INTERVAL '6 days', NOW()),
('01940000-0014-7000-8000-000000000014', 'Buccellati Vintage Gold Leaf Brooch 18K Yellow Gold', 'Stunning vintage Buccellati leaf brooch crafted in 18K yellow gold with exquisite hand-engraved texture work. The signature Buccellati rigato technique creates incredible detail. Set with small diamonds along the stem. Circa 1960s. Museum-quality Italian craftsmanship. Signed Buccellati with original case. A true collectors piece.', 'Brooch', 75000000, 82000000, 700000, 95000000, NOW() + INTERVAL '4 days', true, 'Active', 6, 'https://images.unsplash.com/photo-1611591437281-460bfbe1220a', ARRAY['https://images.unsplash.com/photo-1535632066927-ab7c9ab60908', 'https://images.unsplash.com/photo-1599643478518-a784e5dc4c8f', 'https://images.unsplash.com/photo-1602173574767-37ac01994b2a'], true, '01930000-0003-7000-8000-000000000003', '01930000-0006-7000-8000-000000000006', NOW() - INTERVAL '5 days', NOW()),
('01940000-0015-7000-8000-000000000015', 'Natural Kashmir Sapphire 4.67ct Unheated Cornflower Blue', 'Extraordinary natural Kashmir sapphire weighing 4.67 carats. The legendary velvety cornflower blue color unique to Kashmir sapphires. Unheated and untreated. Cushion cut with excellent clarity. Certified by Gübelin with Kashmir origin report. Kashmir sapphires are among the most valuable colored gemstones. Museum-grade rarity.', 'Gemstone', 580000000, 625000000, 5000000, NULL, NOW() + INTERVAL '12 days', false, 'Active', 22, 'https://images.unsplash.com/photo-1611591437281-460bfbe1220a', ARRAY['https://images.unsplash.com/photo-1610375461246-83df859d849d', 'https://images.unsplash.com/photo-1615655406736-923518f79c33', 'https://images.unsplash.com/photo-1598560917505-59a3ad559071'], false, '01930000-0004-7000-8000-000000000004', '01930000-0006-7000-8000-000000000006', NOW() - INTERVAL '1 day', NOW()),
('01940000-0016-7000-8000-000000000016', '24K Pure Gold Bar 100g PAMP Suisse with Assay', 'Investment-grade 24K pure gold bar (999.9 fineness) weighing 100 grams. Manufactured by PAMP Suisse, the worlds leading precious metals refinery. Includes original sealed assay certificate in protective card. Serial numbered. Perfect for investment portfolio diversification or wealth preservation. Stored in secure vault.', 'Gold Bar', 165000000, 172000000, 1000000, 185000000, NOW() + INTERVAL '3 days', true, 'Active', 16, 'https://images.unsplash.com/photo-1610375461246-83df859d849d', ARRAY['https://images.unsplash.com/photo-1611591437281-460bfbe1220a', 'https://images.unsplash.com/photo-1598560917505-59a3ad559071', 'https://images.unsplash.com/photo-1615655406736-923518f79c33'], true, '01930000-0005-7000-8000-000000000005', '01930000-0007-7000-8000-000000000007', NOW() - INTERVAL '4 days', NOW()),
('01940000-0017-7000-8000-000000000017', 'Flawless D Color Diamond 3.01ct Round Brilliant GIA', 'Perfect 3.01 carat round brilliant-cut diamond with the highest grades possible: D color (colorless), IF clarity (internally flawless), Triple Excellent cut. GIA certified with full report. Exceptional fire and brilliance. Ready to be set in your choice of custom setting. Once-in-a-lifetime stone for engagement ring or investment.', 'Diamond', 950000000, 998000000, 5000000, NULL, NOW() + INTERVAL '15 days', true, 'Active', 25, 'https://images.unsplash.com/photo-1605100804763-247f67b3557e', ARRAY['https://images.unsplash.com/photo-1603561591411-07134e71a2a9', 'https://images.unsplash.com/photo-1600721391776-b5cd0e0048a9', 'https://images.unsplash.com/photo-1606800052052-a08af7148866'], false, '01930000-0001-7000-8000-000000000001', '01930000-0010-7000-8000-000000000010', NOW() - INTERVAL '2 days', NOW()),
('01940000-0018-7000-8000-000000000018', 'Art Deco Diamond and Sapphire Bracelet Platinum', 'Magnificent Art Deco era bracelet circa 1925 in platinum. Geometric design featuring alternating sections of diamonds and calibre-cut sapphires. Approximately 8 carats of diamonds and 5 carats of sapphires. 7 inches length with concealed clasp. Exceptional craftsmanship from the golden age of jewelry design. Fully restored and certified.', 'Bracelet', 340000000, 368000000, 3000000, 420000000, NOW() + INTERVAL '7 days', true, 'Active', 14, 'https://images.unsplash.com/photo-1611591437281-460bfbe1220a', ARRAY['https://images.unsplash.com/photo-1599643478518-a784e5dc4c8f', 'https://images.unsplash.com/photo-1515562141207-7a88fb7ce338', 'https://images.unsplash.com/photo-1602173574767-37ac01994b2a'], false, '01930000-0002-7000-8000-000000000002', '01930000-0011-7000-8000-000000000011', NOW() - INTERVAL '3 days', NOW()),
('01940000-0019-7000-8000-000000000019', 'Piaget Polo Date Rose Gold Diamond Bezel Automatic', 'Luxurious Piaget Polo Date in 18K rose gold with full diamond bezel. 42mm case with integrated bracelet design. Slate grey dial with date function. Automatic movement with Piaget manufacture caliber. Approximately 2 carats of diamonds. Water resistant. Complete set with box and papers from 2021. Mint condition.', 'Watch', 380000000, 410000000, 3000000, 480000000, NOW() + INTERVAL '8 days', false, 'Active', 11, 'https://images.unsplash.com/photo-1587836374828-4dbafa94cf0e', ARRAY['https://images.unsplash.com/photo-1622434641406-a158123450f9', 'https://images.unsplash.com/photo-1523170335258-f5ed11844a49', 'https://images.unsplash.com/photo-1611765833909-c0fd45a11a57'], true, '01930000-0003-7000-8000-000000000003', '01930000-0012-7000-8000-000000000012', NOW() - INTERVAL '5 days', NOW()),
('01940000-0020-7000-8000-000000000020', 'David Webb Enamel and Diamond Cuff Bracelet', 'Iconic David Webb cuff bracelet in 18K yellow gold with black enamel decoration and diamond accents. Bold, statement design characteristic of David Webb style. Hinged opening for easy wear. Approximately 1.5 carats of diamonds. Signed David Webb. Includes original Webb box. Perfect condition. A true American jewelry icon.', 'Bracelet', 220000000, 238000000, 2000000, 280000000, NOW() + INTERVAL '6 days', true, 'Active', 10, 'https://images.unsplash.com/photo-1611591437281-460bfbe1220a', ARRAY['https://images.unsplash.com/photo-1599643478518-a784e5dc4c8f', 'https://images.unsplash.com/photo-1515562141207-7a88fb7ce338', 'https://images.unsplash.com/photo-1602173574767-37ac01994b2a'], true, '01930000-0004-7000-8000-000000000004', '01930000-0009-7000-8000-000000000009', NOW() - INTERVAL '4 days', NOW());

INSERT INTO bids (id, product_id, bidder_id, bid_amount, is_rejected, created_at, updated_at) VALUES
('01950000-0001-7000-8000-000000000001', '01940000-0001-7000-8000-000000000001', '01930000-0006-7000-8000-000000000006', 45000000, false, NOW() - INTERVAL '5 days', NOW() - INTERVAL '5 days'),
('01950000-0002-7000-8000-000000000002', '01940000-0001-7000-8000-000000000001', '01930000-0007-7000-8000-000000000007', 46000000, false, NOW() - INTERVAL '4 days 23 hours', NOW() - INTERVAL '4 days 23 hours'),
('01950000-0003-7000-8000-000000000003', '01940000-0001-7000-8000-000000000001', '01930000-0008-7000-8000-000000000008', 47500000, false, NOW() - INTERVAL '4 days 20 hours', NOW() - INTERVAL '4 days 20 hours'),
('01950000-0004-7000-8000-000000000004', '01940000-0001-7000-8000-000000000001', '01930000-0007-7000-8000-000000000007', 48500000, false, NOW() - INTERVAL '4 days 18 hours', NOW() - INTERVAL '4 days 18 hours'),
('01950000-0005-7000-8000-000000000005', '01940000-0001-7000-8000-000000000001', '01930000-0009-7000-8000-000000000009', 49500000, false, NOW() - INTERVAL '4 days 15 hours', NOW() - INTERVAL '4 days 15 hours'),
('01950000-0006-7000-8000-000000000006', '01940000-0001-7000-8000-000000000001', '01930000-0007-7000-8000-000000000007', 50500000, false, NOW() - INTERVAL '4 days 12 hours', NOW() - INTERVAL '4 days 12 hours'),
('01950000-0007-7000-8000-000000000007', '01940000-0001-7000-8000-000000000001', '01930000-0010-7000-8000-000000000010', 51000000, false, NOW() - INTERVAL '4 days 8 hours', NOW() - INTERVAL '4 days 8 hours'),
('01950000-0008-7000-8000-000000000008', '01940000-0001-7000-8000-000000000001', '01930000-0007-7000-8000-000000000007', 52000000, false, NOW() - INTERVAL '4 days 5 hours', NOW() - INTERVAL '4 days 5 hours'),
('01950000-0009-7000-8000-000000000009', '01940000-0002-7000-8000-000000000002', '01930000-0006-7000-8000-000000000006', 250000000, false, NOW() - INTERVAL '8 days', NOW() - INTERVAL '8 days'),
('01950000-0010-7000-8000-000000000010', '01940000-0002-7000-8000-000000000002', '01930000-0007-7000-8000-000000000007', 254000000, false, NOW() - INTERVAL '7 days 22 hours', NOW() - INTERVAL '7 days 22 hours'),
('01950000-0011-7000-8000-000000000011', '01940000-0002-7000-8000-000000000002', '01930000-0006-7000-8000-000000000006', 258000000, false, NOW() - INTERVAL '7 days 20 hours', NOW() - INTERVAL '7 days 20 hours'),
('01950000-0012-7000-8000-000000000012', '01940000-0002-7000-8000-000000000002', '01930000-0008-7000-8000-000000000008', 262000000, false, NOW() - INTERVAL '7 days 18 hours', NOW() - INTERVAL '7 days 18 hours'),
('01950000-0013-7000-8000-000000000013', '01940000-0002-7000-8000-000000000002', '01930000-0006-7000-8000-000000000006', 266000000, false, NOW() - INTERVAL '7 days 15 hours', NOW() - INTERVAL '7 days 15 hours'),
('01950000-0014-7000-8000-000000000014', '01940000-0002-7000-8000-000000000002', '01930000-0009-7000-8000-000000000009', 270000000, false, NOW() - INTERVAL '7 days 12 hours', NOW() - INTERVAL '7 days 12 hours'),
('01950000-0015-7000-8000-000000000015', '01940000-0002-7000-8000-000000000002', '01930000-0006-7000-8000-000000000006', 274000000, false, NOW() - INTERVAL '7 days 9 hours', NOW() - INTERVAL '7 days 9 hours'),
('01950000-0016-7000-8000-000000000016', '01940000-0002-7000-8000-000000000002', '01930000-0010-7000-8000-000000000010', 278000000, false, NOW() - INTERVAL '7 days 6 hours', NOW() - INTERVAL '7 days 6 hours'),
('01950000-0017-7000-8000-000000000017', '01940000-0002-7000-8000-000000000002', '01930000-0006-7000-8000-000000000006', 282000000, false, NOW() - INTERVAL '7 days 3 hours', NOW() - INTERVAL '7 days 3 hours'),
('01950000-0018-7000-8000-000000000018', '01940000-0002-7000-8000-000000000002', '01930000-0011-7000-8000-000000000011', 285000000, false, NOW() - INTERVAL '7 days', NOW() - INTERVAL '7 days'),
('01950000-0019-7000-8000-000000000019', '01940000-0003-7000-8000-000000000003', '01930000-0007-7000-8000-000000000007', 120000000, false, NOW() - INTERVAL '6 days', NOW() - INTERVAL '6 days'),
('01950000-0020-7000-8000-000000000020', '01940000-0003-7000-8000-000000000003', '01930000-0008-7000-8000-000000000008', 122000000, false, NOW() - INTERVAL '5 days 22 hours', NOW() - INTERVAL '5 days 22 hours');

INSERT INTO watchlist (id, user_id, product_id, created_at, updated_at) VALUES
('01960000-0001-7000-8000-000000000001', '01930000-0006-7000-8000-000000000006', '01940000-0001-7000-8000-000000000001', NOW() - INTERVAL '10 days', NOW()),
('01960000-0002-7000-8000-000000000002', '01930000-0006-7000-8000-000000000006', '01940000-0003-7000-8000-000000000003', NOW() - INTERVAL '9 days', NOW()),
('01960000-0003-7000-8000-000000000003', '01930000-0006-7000-8000-000000000006', '01940000-0005-7000-8000-000000000005', NOW() - INTERVAL '8 days', NOW()),
('01960000-0004-7000-8000-000000000004', '01930000-0007-7000-8000-000000000007', '01940000-0002-7000-8000-000000000002', NOW() - INTERVAL '12 days', NOW()),
('01960000-0005-7000-8000-000000000005', '01930000-0007-7000-8000-000000000007', '01940000-0004-7000-8000-000000000004', NOW() - INTERVAL '7 days', NOW()),
('01960000-0006-7000-8000-000000000006', '01930000-0008-7000-8000-000000000008', '01940000-0006-7000-8000-000000000006', NOW() - INTERVAL '6 days', NOW()),
('01960000-0007-7000-8000-000000000007', '01930000-0008-7000-8000-000000000008', '01940000-0007-7000-8000-000000000007', NOW() - INTERVAL '5 days', NOW()),
('01960000-0008-7000-8000-000000000008', '01930000-0009-7000-8000-000000000009', '01940000-0008-7000-8000-000000000008', NOW() - INTERVAL '4 days', NOW()),
('01960000-0009-7000-8000-000000000009', '01930000-0010-7000-8000-000000000010', '01940000-0012-7000-8000-000000000012', NOW() - INTERVAL '3 days', NOW()),
('01960000-0010-7000-8000-000000000010', '01930000-0011-7000-8000-000000000011', '01940000-0015-7000-8000-000000000015', NOW() - INTERVAL '2 days', NOW());

INSERT INTO questions (id, product_id, asker_id, question, answer, answered_at, created_at, updated_at) VALUES
('01970000-0001-7000-8000-000000000001', '01940000-0001-7000-8000-000000000001', '01930000-0006-7000-8000-000000000006', 'Is this bracelet brand new or pre-owned? Does it come with the original Cartier certificate?', 'This is a pre-owned Cartier Love bracelet in excellent condition with minimal signs of wear. Yes, it comes with the original Cartier certificate of authenticity, box, and screwdriver. All documentation is included.', NOW() - INTERVAL '4 days 12 hours', NOW() - INTERVAL '5 days', NOW() - INTERVAL '4 days 12 hours'),
('01970000-0002-7000-8000-000000000002', '01940000-0001-7000-8000-000000000001', '01930000-0008-7000-8000-000000000008', 'Can the bracelet be resized or is it fixed at size 17?', 'The Cartier Love bracelet is a fixed size and cannot be easily resized. Size 17 corresponds to a wrist circumference of approximately 17cm. I recommend measuring your wrist carefully before bidding. Cartier boutiques can resize but it requires sending to their workshop.', NOW() - INTERVAL '4 days 8 hours', NOW() - INTERVAL '4 days 18 hours', NOW() - INTERVAL '4 days 8 hours'),
('01970000-0003-7000-8000-000000000003', '01940000-0002-7000-8000-000000000002', '01930000-0007-7000-8000-000000000007', 'Can you provide more details about the diamond specifications? Is there a GIA certificate number I can verify?', 'Absolutely. The center diamond is 2.5 carats, E color, VVS1 clarity, with Excellent cut grade. The GIA certificate number is 2141234567 (example). You can verify this on the GIA website. The certificate will be included with the ring upon purchase.', NOW() - INTERVAL '7 days 18 hours', NOW() - INTERVAL '7 days 22 hours', NOW() - INTERVAL '7 days 18 hours'),
('01970000-0004-7000-8000-000000000004', '01940000-0002-7000-8000-000000000002', '01930000-0009-7000-8000-000000000009', 'Has this ring been worn? What is the exact ring size and can it be resized?', 'This ring has been very lightly worn and is in like-new condition. Current size is 6. Yes, platinum Tiffany settings can be resized up or down approximately 1-1.5 sizes by a professional jeweler. Tiffany stores also offer resizing services.', NOW() - INTERVAL '7 days 10 hours', NOW() - INTERVAL '7 days 15 hours', NOW() - INTERVAL '7 days 10 hours'),
('01970000-0005-7000-8000-000000000005', '01940000-0004-7000-8000-000000000004', '01930000-0009-7000-8000-000000000009', 'Where did this ruby originate from? Is it truly unheated and what is the GRS certificate number?', 'This is a natural Burmese ruby from the Mogok region. It is certified as unheated and untreated by GRS (Gem Research Swisslab). The GRS certificate number is GRS2023-123456. Pigeon blood designation is clearly stated on the certificate. This is an investment-grade stone.', NOW() - INTERVAL '2 days 18 hours', NOW() - INTERVAL '3 days', NOW() - INTERVAL '2 days 18 hours'),
('01970000-0006-7000-8000-000000000006', '01940000-0005-7000-8000-000000000005', '01930000-0007-7000-8000-000000000007', 'Is this watch still under Rolex warranty? What year was it purchased?', 'Yes, this Rolex Lady-Datejust is still under warranty. It was purchased in 2022, so there is still warranty coverage remaining. The warranty card is dated and stamped by an authorized Rolex dealer. All papers and the original box are included with the watch.', NOW() - INTERVAL '6 days 20 hours', NOW() - INTERVAL '7 days', NOW() - INTERVAL '6 days 20 hours'),
('01970000-0007-7000-8000-000000000007', '01940000-0007-7000-8000-000000000007', '01930000-0010-7000-8000-000000000010', 'What are the exact measurements of each diamond and can you provide the GIA report numbers?', 'Each emerald-cut diamond weighs approximately 2.01 carats. Diamond 1: D color, IF clarity, GIA #2145678901. Diamond 2: D color, IF clarity, GIA #2145678902. Both stones are perfectly matched in color, clarity, and cut quality. Full GIA reports are available with the earrings.', NOW() - INTERVAL '1 day 20 hours', NOW() - INTERVAL '2 days', NOW() - INTERVAL '1 day 20 hours'),
('01970000-0008-7000-8000-000000000008', '01940000-0008-7000-8000-000000000008', '01930000-0011-7000-8000-000000000011', 'Can you confirm this is a natural pink diamond and not treated? What is the exact GIA grade for the pink color?', 'Yes, this is 100% natural fancy intense pink diamond, certified by GIA. The exact color grade is Fancy Intense Pink. It is completely untreated and unheated. The GIA report number is 5141234567. Natural pink diamonds of this quality and size are extremely rare and represent significant investment value.', NOW() - INTERVAL '18 hours', NOW() - INTERVAL '1 day', NOW() - INTERVAL '18 hours'),
('01970000-0009-7000-8000-000000000009', '01940000-0012-7000-8000-000000000012', '01930000-0010-7000-8000-000000000010', 'Is the oil treatment permanent? Does this affect the value of the emerald?', 'Minor oil treatment is standard practice for emeralds and is accepted in the industry. The GRS certificate clearly states the treatment level. This treatment is stable and does not significantly affect the value for fine Colombian emeralds of this quality. The vivid green color and Muzo origin are the primary value factors.', NOW() - INTERVAL '1 day 18 hours', NOW() - INTERVAL '2 days', NOW() - INTERVAL '1 day 18 hours'),
('01970000-0010-7000-8000-000000000010', '01940000-0015-7000-8000-000000000015', '01930000-0006-7000-8000-000000000006', 'What makes Kashmir sapphires so special compared to other sapphires? Is this investment grade?', 'Kashmir sapphires are renowned for their unique velvety cornflower blue color with a soft, dreamy quality not found in sapphires from other origins. Production from Kashmir mines has been minimal since the 1930s, making them exceptionally rare. This stone is absolutely investment grade, certified by Gübelin, the most respected lab for colored stones. Values have increased significantly over the past decade.', NOW() - INTERVAL '12 hours', NOW() - INTERVAL '1 day', NOW() - INTERVAL '12 hours');

